{"Alabama, code: AL": {"population": 15044.894372127294, "csi": 25.629758733817525, "employment": 1.0715831114828314}, "Alaska, code: AK": {"population": 12669.020645607463, "csi": 49.83065668463059, "employment": -0.8564426525797257}, "Arizona, code: AZ": {"population": 16572.637443265772, "csi": 47.7323125071577, "employment": 2.714432621717644}, "Arkansas, code: AR": {"population": 16364.997418187351, "csi": 129.37161563060715, "employment": 1.242322431968602}, "California, code: CA": {"population": 23685.392980082477, "csi": 181.36492909065572, "employment": 4.1039222438644005}, "Colorado, code: CO": {"population": 14615.164054774126, "csi": 147.75453443954922, "employment": 0.19284687977816772}, "Connecticut, code: CT": {"population": 19721.192238889176, "csi": 13.802007136144177, "employment": -0.9782674363604472}, "Delaware, code: DE": {"population": 3295.3476743103756, "csi": 146.24554483197124, "employment": 3.309086562930873}, "Florida, code: FL": {"population": 14240.099682934044, "csi": 134.99011153110408, "employment": 0.48570999574816365}, "Georgia, code: GA": {"population": 3854.437567866473, "csi": 178.4400975425397, "employment": 1.6449799717392084}, "Hawaii, code: HI": {"population": 15702.179855937278, "csi": 47.23120728249466, "employment": 4.399004178422052}, "Idaho, code: ID": {"population": 10579.095859139421, "csi": 111.06068208825077, "employment": -1.0523791201010697}, "Illinois, code: IL": {"population": 10163.516240215304, "csi": 128.01162938675924, "employment": 1.140122260514178}, "Indiana, code: IN": {"population": 872.1735269955539, "csi": 100.42646154479075, "employment": 2.642354055717682}, "Iowa, code: IA": {"population": 15421.659056485165, "csi": 36.829024155571204, "employment": 2.826414312148125}, "Kansas, code: KS": {"population": 22882.06493723361, "csi": 146.58438752708332, "employment": 3.5384514344078983}, "Kentucky, code: KY": {"population": 22224.019744304074, "csi": 176.1269964547059, "employment": 3.1340925681764054}, "Louisiana, code: LA": {"population": 13177.138394220625, "csi": 34.28770245299365, "employment": -0.7466990002943921}, "Maine, code: ME": {"population": 10952.286631353758, "csi": 133.69048050703324, "employment": 3.2096509964265643}, "Maryland, code: MD": {"population": 6496.5512594587635, "csi": 42.13838528932068, "employment": -1.2536316630418876}, "Massachusetts, code: MA": {"population": 538.4161930584775, "csi": 54.095548406415574, "employment": 0.5966746766270559}, "Michigan, code: MI": {"population": 6049.243912000568, "csi": 199.01887573133115, "employment": 4.857151070410373}, "Minnesota, code: MN": {"population": 9723.022392147066, "csi": 82.757297306847, "employment": 2.910432612558904}, "Mississippi, code: MS": {"population": 6853.688626158191, "csi": 203.7554627521038, "employment": 2.458048122710321}, "Missouri, code: MO": {"population": 24851.360525589203, "csi": 140.16208376527698, "employment": 4.873497969453099}, "Montana, code: MT": {"population": 8954.435845064992, "csi": 152.5364959174565, "employment": 0.8064929669513634}, "Nebraska, code: NE": {"population": 18717.441475601303, "csi": 25.135048483735567, "employment": -0.4361902452245141}, "Nevada, code: NV": {"population": 24314.49189284949, "csi": 89.63606495797704, "employment": 2.287705960113371}, "New Hampshire, code: NH": {"population": 10932.085887293522, "csi": 123.91270656482364, "employment": 4.482409325162796}, "New Jersey, code: NJ": {"population": 6895.070375054177, "csi": 146.64969659296452, "employment": 0.3461640343653418}, "New Mexico, code: NM": {"population": 11513.95639822487, "csi": 53.64179459415445, "employment": 2.2946317643882863}, "New York, code: NY": {"population": 5107.760879506506, "csi": 108.827062085636, "employment": 0.7088039588616706}, "North Carolina, code: NC": {"population": 24904.844798932223, "csi": 31.941852508449475, "employment": 3.8419893872689537}, "North Dakota, code: ND": {"population": 21117.507238156337, "csi": 88.9302958656821, "employment": 4.521525152465874}, "Ohio, code: OH": {"population": 3254.4051698510934, "csi": 29.278689392390742, "employment": 4.515272208828691}, "Oklahoma, code: OK": {"population": 23386.844455082974, "csi": 124.58095192672148, "employment": -0.3322314602192533}, "Oregon, code: OR": {"population": 2797.451205582685, "csi": 185.24932084335066, "employment": 4.09864190551933}, "Pennsylvania, code: PA": {"population": 943.910397408479, "csi": 77.50948303465596, "employment": 1.805745691533457}, "Rhode Island, code: RI": {"population": 23342.374578368566, "csi": 121.57468142790167, "employment": 4.114454529235182}, "South Carolina, code: SC": {"population": 12617.233637055106, "csi": 127.01531220599396, "employment": 0.2473579980940015}, "South Dakota, code: SD": {"population": 17426.81827615865, "csi": 170.73951347751492, "employment": 1.7848745919313287}, "Tennessee, code: TN": {"population": 19186.342756803988, "csi": 169.7337656733678, "employment": 4.454067566232264}, "Texas, code: TX": {"population": 13792.723888826258, "csi": 151.45454941700598, "employment": -0.9066602035329072}, "Utah, code: UT": {"population": 4839.249301322374, "csi": 155.61402907651924, "employment": 3.039952623605126}, "Vermont, code: VT": {"population": 14496.517247024936, "csi": 124.22206630733315, "employment": -1.104870847060568}, "Virginia, code: VA": {"population": 17671.435683331187, "csi": 178.562728445554, "employment": 1.4991775783604218}, "Washington, code: WA": {"population": 12603.944741208163, "csi": 93.73320610061705, "employment": 2.6749177751072226}, "West Virginia, code: WV": {"population": 13844.45228844916, "csi": 195.2083189712979, "employment": 2.404812714222921}, "Wisconsin, code: WI": {"population": 21729.96889297907, "csi": 143.39181533476753, "employment": 3.245306378101275}, "Wyoming, code: WY": {"population": 9127.434075781717, "csi": 76.7469116844269, "employment": -0.8674553495227908}}