{"Alabama, code: AL": {"population": 403.6702111842705, "csi": 114.24361643384455, "employment": 0.5918629367241972}, "Alaska, code: AK": {"population": 18886.0153035405, "csi": 22.31688847229771, "employment": -1.373200018672499}, "Arizona, code: AZ": {"population": 19292.025227312242, "csi": 123.76268923137268, "employment": 4.7734371293182845}, "Arkansas, code: AR": {"population": 2698.651505955332, "csi": 129.1791921054525, "employment": 3.377656039781243}, "California, code: CA": {"population": 22442.61339511646, "csi": 24.415009799404732, "employment": -0.12832575166691518}, "Colorado, code: CO": {"population": 2764.362985108809, "csi": 176.77343908481964, "employment": 1.338255706544742}, "Connecticut, code: CT": {"population": 22880.141731879477, "csi": 89.87932243984007, "employment": 4.513459480608809}, "Delaware, code: DE": {"population": 16600.265074077815, "csi": 192.4735687867174, "employment": 0.6696964281806768}, "Florida, code: FL": {"population": 4054.234701357065, "csi": 219.80187202893634, "employment": 2.4389505702477514}, "Georgia, code: GA": {"population": 24727.681003469446, "csi": 135.74322807326746, "employment": -0.18609729978084255}, "Hawaii, code: HI": {"population": 3014.286075321479, "csi": 118.2786089808069, "employment": 2.80748262378763}, "Idaho, code: ID": {"population": 11386.363805235827, "csi": 204.4746180037946, "employment": 1.8159797527844699}, "Illinois, code: IL": {"population": 9795.234317478154, "csi": 161.10405740524692, "employment": 3.7005016186274187}, "Indiana, code: IN": {"population": 17814.97657522248, "csi": 162.89550064806772, "employment": -0.19816986447477136}, "Iowa, code: IA": {"population": 409.647924765949, "csi": 241.1219177506157, "employment": 2.004981081032258}, "Kansas, code: KS": {"population": 6134.141823281333, "csi": 203.42347869190397, "employment": 0.7724758424353957}, "Kentucky, code: KY": {"population": 16197.115916895327, "csi": 174.33704578829665, "employment": 4.768693220682776}, "Louisiana, code: LA": {"population": 23815.336948797845, "csi": 124.51323246964215, "employment": -0.8028236233837367}, "Maine, code: ME": {"population": 8660.97552613006, "csi": 215.37982742378446, "employment": -0.8879036253835908}, "Maryland, code: MD": {"population": 7910.718402976974, "csi": 149.3058110565365, "employment": 1.0205503265191491}, "Massachusetts, code: MA": {"population": 18784.78902505949, "csi": 203.80686243085134, "employment": 3.4173185110372346}, "Michigan, code: MI": {"population": 13277.047881691595, "csi": 247.3139212008008, "employment": 2.3450210886820697}, "Minnesota, code: MN": {"population": 12507.692957669708, "csi": 164.5906412141462, "employment": 2.250272657029879}, "Mississippi, code: MS": {"population": 16110.04059088011, "csi": 225.27714518795284, "employment": 1.7197027486238645}, "Missouri, code: MO": {"population": 13244.019456812202, "csi": 30.323388177671493, "employment": 1.3766389325216046}, "Montana, code: MT": {"population": 18874.741872501116, "csi": 193.41922345119522, "employment": 2.1466338599096106}, "Nebraska, code: NE": {"population": 5438.884733494537, "csi": 15.976445749167159, "employment": 1.0907883395172524}, "Nevada, code: NV": {"population": 10349.952798771845, "csi": 17.790564458130564, "employment": 0.24511481660294732}, "New Hampshire, code: NH": {"population": 3906.976057863484, "csi": 213.64701285268973, "employment": 0.8825562878722755}, "New Jersey, code: NJ": {"population": 20430.086871787953, "csi": 186.1023330931652, "employment": 3.708337845820928}, "New Mexico, code: NM": {"population": 7094.257322091438, "csi": 30.04342289214634, "employment": -0.8343530937030437}, "New York, code: NY": {"population": 14705.03021644269, "csi": 182.95875023712082, "employment": 3.6091201537538815}, "North Carolina, code: NC": {"population": 1061.43059690528, "csi": 165.78513092231125, "employment": 0.11695959527927458}, "North Dakota, code: ND": {"population": 10443.992746374037, "csi": 241.65303469108892, "employment": -0.8352096649577101}, "Ohio, code: OH": {"population": 4279.627875712838, "csi": 123.91838752988996, "employment": 1.8175723012032199}, "Oklahoma, code: OK": {"population": 15990.445443288754, "csi": 107.93792918544052, "employment": 4.542156429231069}, "Oregon, code: OR": {"population": 13636.101830362077, "csi": 210.89818971809757, "employment": 2.507996110096296}, "Pennsylvania, code: PA": {"population": 22565.47681343099, "csi": 201.04549632391334, "employment": 2.225377496768113}, "Rhode Island, code: RI": {"population": 24246.096170249286, "csi": 150.08275437016496, "employment": -0.4271600323278699}, "South Carolina, code: SC": {"population": 19740.38123098349, "csi": 71.0961520051501, "employment": 0.2737852075004452}, "South Dakota, code: SD": {"population": 16383.864242106705, "csi": 39.0678099850118, "employment": 4.702542699351797}, "Tennessee, code: TN": {"population": 7403.7202291244585, "csi": 54.649839944264855, "employment": -1.0397857321862702}, "Texas, code: TX": {"population": 1516.0392485916495, "csi": 14.31344174181378, "employment": -0.13446257355993163}, "Utah, code: UT": {"population": 4246.167647868731, "csi": 35.03341864265893, "employment": 0.7242461475501334}, "Vermont, code: VT": {"population": 3131.62677052517, "csi": 55.98809448168096, "employment": 2.8676245978235997}, "Virginia, code: VA": {"population": 14109.880840484278, "csi": 119.13373239889614, "employment": 3.316642311693279}, "Washington, code: WA": {"population": 13232.277709401675, "csi": 237.15632224843182, "employment": 0.29289388233540836}, "West Virginia, code: WV": {"population": 11047.151628838403, "csi": 119.06415448495123, "employment": -1.0068207252299877}, "Wisconsin, code: WI": {"population": 20279.705218917825, "csi": 70.50747283919574, "employment": 1.6719852361817154}, "Wyoming, code: WY": {"population": 5307.298489582759, "csi": 175.7011572870363, "employment": 4.714500957992425}}